{
    "model": "ZNCZ04LM",
    "vendor": "Aqara",
    "type": "Router",
    "category": ["plug"],
    "description_en": "Plug01",
    "description_es": "Enchufe Aqara cuadrado blanco",
    "properties": [
        {
            "name": "state",
            "displayName": "Estado",
            "prop_category": [
                "on_off",
                "text"
            ],
            "interaction": "exec",
            "format": "string",
            "control": "switch",
            "states": [
                {
                    "name": "Encendido",
                    "value": "on"
                },
                {
                    "name": "Apagado",
                    "value": "off"
                }
            ]
        },
        {
            "name": "power",
            "displayName": "Potencia",
            "prop_category": ["numeric"],
            "interaction": "display",
            "format": "watt"
        },

        {
            "name": "linkquality",
            "displayName": "Calidad de enlace",
            "interaction": "display",
            "format": "perc",
            "limits": {
                "max": 100,
                "min": 0,
                "increment": 5
            }
        }
    ]
}
