{
    "model": "WXKG11LM",
    "vendor": "Aqara-Xiaomi",
    "type": "EndDevice",
    "category": ["key"],
    "description_en": "Botton wireless wall switch",
    "description_es": "Boton de superficie inalámbrico",
    "properties": [
        {
            "name": "click",
            "displayName": "Última acción",
            "prop_category": [
                "click",
                "text"
            ],
            "interaction": "display",
            "format": "string",
            "states": [
                {
                    "name": "Click simple",
                    "value": "single"
                },
                {
                    "name": "Click doble",
                    "value": "double"
                }
            ]
        },
        {
            "name": "action",
            "displayName": "Estado",
            "prop_category": [
                "click",
                "text"
            ],
            "interaction": "display",
            "format": "string",
            "states": [
                {
                    "name": "Botón Pulsado",
                    "value": "hold"
                },
                {
                    "name": "Botón libre",
                    "value": "release"
                }
            ]
        },
        {
            "name": "battery",
            "displayName": "Batería",
            "interaction": "display",
            "format": "perc",
            "limits": {
                "max": 100,
                "min": 0,
                "increment": 5
            }
        },
        {
            "name": "linkquality",
            "displayName": "Calidad de enlace",
            "interaction": "display",
            "format": "perc",
            "limits": {
                "max": 100,
                "min": 0,
                "increment": 5
            }
        }
    ]
}
