{
    "model": "QBKG03LM",
    "vendor": "Aqara-Xiaomi",
    "type": "EndDevice",
    "category": ["key"],
    "description_en": "Aqara - QBKG03LM - Double key wired wall switch without neutral wire",
    "description_es": "Aqara - QBKG03LM - Interruptor doble de pared sin neutro",
    "properties": [
        {
            "name": "state_left",
            "displayName": "Estado Izquierdo",
            "prop_category": [
                "on_off",
                "text"
            ],
            "interaction": "exec",
            "format": "string",
            "control": "switch",
            "states": [
                {
                    "name": "Encendido",
                    "value": "on"
                },
                {
                    "name": "Apagado",
                    "value": "off"
                }
            ]
        },
        {
            "name": "state_right",
            "displayName": "Estado Derecho",
            "prop_category": [
                "on_off",
                "text"
            ],
            "interaction": "exec",
            "format": "string",
            "control": "switch",
            "states": [
                {
                    "name": "Encendido",
                    "value": "on"
                },
                {
                    "name": "Apagado",
                    "value": "off"
                }
            ]
        },
        {
            "name": "click",
            "displayName": "Última acción",
            "prop_category": [
                "click",
                "text"
            ],
            "interaction": "display",
            "format": "string",
            "states": [
                {
                    "name": "Click izquierdo",
                    "value": "left"
                },
                {
                    "name": "Click derecho",
                    "value": "right"
                },
                {
                    "name": "Click izquierdo y derecho conjunto",
                    "value": "both"
                }
            ]
        },
        {
            "name": "linkquality",
            "displayName": "Calidad de enlace",
            "interaction": "display",
            "format": "perc",
            "limits": {
                "max": 100,
                "min": 0,
                "increment": 5
            }
        }
    ]
}
