{
    "model": "QBKG04LM",
    "vendor": "Aqara-Xiaomi",
    "type": "EndDevice",
    "category": ["key"],
    "description_en": "Aqara - QBKG04LM - Single key wired wall switch without neutral wire",
    "description_es": "Aqara - QBKG04LM - Interruptor de pared sin neutro",
    "properties": [
        {
            "name": "state",
            "displayName": "Estado",
            "prop_category": [
                "on_off",
                "text"
            ],
            "interaction": "exec",
            "format": "string",
            "control": "switch",
            "states": [
                {
                    "name": "Encendido",
                    "value": "on"
                },
                {
                    "name": "Apagado",
                    "value": "off"
                }
            ]
        },
        {
            "name": "click",
            "displayName": "Última acción",
            "prop_category": [
                "click",
                "text"
            ],
            "interaction": "display",
            "format": "string",
            "states": [
                {
                    "name": "Click",
                    "value": "single"
                }
            ]
        },
        {
            "name": "linkquality",
            "displayName": "Calidad de enlace",
            "interaction": "display",
            "format": "perc",
            "limits": {
                "max": 100,
                "min": 0,
                "increment": 5
            }
        }
    ]
}
