{
    "model": "DJT11LM",
    "vendor": "Aqara-Xiaomi",
    "type": "EndDevice",
    "category": [
        "sensor",
        "others",
        "security"
    ],
    "description_en": "Aqara - DJT11LM - Vibration sensor",
    "description_es": "Aqara - DJT11LM - Sensor de Vibración",
    "properties": [
        {
            "name": "action",
            "displayName": "Última acción",
            "prop_category": ["text"],
            "interaction": "display",
            "format": "string",
            "states": [
                {
                    "name": "Vibración",
                    "value": "vibration"
                },
                {
                    "name": "Caída",
                    "value": "drop"
                },
                {
                    "name": "Inclinación",
                    "value": "tilt"
                }
            ]
        },
        {
            "name": "battery",
            "displayName": "Batería",
            "interaction": "display",
            "format": "perc",
            "limits": {
                "max": 100,
                "min": 0,
                "increment": 5
            }
        },
        {
            "name": "linkquality",
            "displayName": "Calidad de enlace",
            "interaction": "display",
            "format": "perc",
            "limits": {
                "max": 100,
                "min": 0,
                "increment": 5
            }
        }
    ]
}
