{
    "model": "ZNLDP12LM",
    "vendor": "Aqara-Xiaomi",
    "type": "Router",
    "category": ["bulb"],
    "description_en": "Aqara - ZNLDP12LM - Smart LED bulb - E27",
    "description_es": "Aqara - ZNLDP12LM - Bombilla Led inteligente - E27",
    "properties": [
        {
            "name": "state",
            "displayName": "Estado",
            "prop_category": [
                "on_off",
                "text"
            ],
            "interaction": "exec",
            "format": "string",
            "control": "switch",
            "states": [
                {
                    "name": "Encendida",
                    "value": "on"
                },
                {
                    "name": "Apagada",
                    "value": "off"
                }
            ]
        },
        {
            "name": "brightness",
            "displayName": "Brillo",
            "prop_category": [
                "brightness",
                "perc"
            ],
            "interaction": "exec",
            "format": "perc",
            "control": "horizontal_bar",
            "limits": {
                "max": 255,
                "min": 0,
                "increment": 1
            }
        },
        {
            "name": "color_temp",
            "displayName": "Color de temperatura",
            "prop_category": [
                "color_temp"
            ],
            "interaction": "exec",
            "format": "color_temp",
            "control": "color_temp",
            "limits": {
                "max": 360,
                "min": 160,
                "increment": 1
            }
        },
        {
            "name": "linkquality",
            "displayName": "Calidad de enlace",
            "interaction": "display",
            "format": "perc",
            "limits": {
                "max": 100,
                "min": 0,
                "increment": 5
            }
        }
    ]
}
