{
    "model": "LLKZMK11LM",
    "vendor": "Aqara-Xiaomi",
    "type": "Router",
    "category": ["controller"],
    "description_en": "Aqara - LLKZMK11LM - Wireless relay controller",
    "description_es": "Aqara - LLKZMK11LM - Controlador de relé inalámbrico",
    "properties": [
        {
            "name": "state_l1",
            "displayName": "Estado L1",
            "prop_category": [
                "on_off",
                "text"
            ],
            "interaction": "exec",
            "format": "string",
            "control": "on_off",
            "states": [
                {
                    "name": "Encendido L1",
                    "value": "on"
                },
                {
                    "name": "Apagado L1",
                    "value": "off"
                }
            ]
        },
        {
            "name": "state_l2",
            "displayName": "Estado L2",
            "prop_category": [
                "on_off",
                "text"
            ],
            "interaction": "exec",
            "format": "string",
            "control": "on_off",
            "states": [
                {
                    "name": "Encendido L2",
                    "value": "on"
                },
                {
                    "name": "Apagado L2",
                    "value": "off"
                }
            ]
        },
        {
            "name": "power",
            "displayName": "Potencia",
            "prop_category": ["numeric"],
            "interaction": "display",
            "format": "watt"
        },
        {
            "name": "consumption",
            "displayName": "Energía consumida",
            "prop_category": ["numeric"],
            "interaction": "display",
            "format": "kwh"
        },
        {
            "name": "linkquality",
            "displayName": "Calidad de enlace",
            "interaction": "display",
            "format": "perc",
            "limits": {
                "max": 100,
                "min": 0,
                "increment": 5
            }
        }
    ]
}
