{
    "model": "RTCGQ01LM",
    "vendor": "Aqara-Xiaomi",
    "type": "EndDevice",
    "category": [
        "sensor",
        "presence",
        "security"
    ],
    "description_en": "Aqara - RTCGQ01LM - Occupancy sensor",
    "description_es": "Aqara - RTCGQ01LM - Sensor de ocupación",
    "properties": [
        {
            "name": "occupancy",
            "displayName": "Estado",
            "prop_category": [
                "on_off",
                "text"
            ],
            "interaction": "display",
            "format": "string",
            "states": [
                {
                    "name": "Ocupación activada",
                    "value": "true"
                },
                {
                    "name": "Ocupación desactivada",
                    "value": "false"
                }
            ]
        },
        {
            "name": "battery",
            "displayName": "Batería",
            "interaction": "display",
            "format": "perc",
            "limits": {
                "max": 100,
                "min": 0,
                "increment": 5
            }
        },
        {
            "name": "linkquality",
            "displayName": "Calidad de enlace",
            "interaction": "display",
            "format": "perc",
            "limits": {
                "max": 100,
                "min": 0,
                "increment": 5
            }
        }
    ]
}
