{
    "model": "QBCZ11LM",
    "vendor": "Aqara-Xiaomi",
    "type": "Router",
    "category": ["plug"],
    "description_en": "Aqara - QBCZ11LM - Socket Zigbee",
    "description_es": "Aqara - QBCZ11LM - Enchufe de pared",
    "properties": [
        {
            "name": "state",
            "displayName": "Estado",
            "prop_category": [
                "on_off",
                "text"
            ],
            "interaction": "exec",
            "format": "string",
            "control": "switch",
            "states": [
                {
                    "name": "Encendido",
                    "value": "on"
                },
                {
                    "name": "Apagado",
                    "value": "off"
                }
            ]
        },
        {
            "name": "temperature",
            "displayName": "Temperatura",
            "prop_category": [
                "numeric",
                "temperature"
            ],
            "interaction": "display",
            "format": "celsius"
        },
        {
            "name": "power",
            "displayName": "Potencia",
            "prop_category": ["numeric"],
            "interaction": "display",
            "format": "watt"
        },
        {
            "name": "consumption",
            "displayName": "Energía consumida",
            "prop_category": ["numeric"],
            "interaction": "display",
            "format": "kwh"
        },
        {
            "name": "linkquality",
            "displayName": "Calidad de enlace",
            "interaction": "display",
            "format": "perc",
            "limits": {
                "max": 100,
                "min": 0,
                "increment": 5
            }
        }
    ]
}
