{
    "model": "AV2010/32",
    "vendor": "Bitron",
    "type": "EndDevice",
    "category": [
        "sensor",
        "temperature",
        "key"
    ],
    "description_en": "Bitron - AV2010/32 - Wireless wall thermostat with relay",
    "description_es": "Bitron - AV2010/32 - Termostato de pared inalámbrico con relé",
    "properties": [
        {
            "name": "occupied_heating_setpoint",
            "displayName": "Consigna",
            "interaction": "exec",
            "format": "celsius",
            "control": "wheel",
            "limits": {
                "max": 30,
                "min": 7,
                "increment": 0.5
            }
        },
        {
            "name": "local_temperature",
            "displayName": "Temperatura",
            "interaction": "display",
            "format": "celsius",
            "limits": {
                "increment": 0.1
            }
        },
        {
            "name": "running_state",
            "displayName": "Estado",
            "interaction": "display",
            "format": "string",
            "states": [
                {
                    "name": "Relé abierto",
                    "value": "0"
                },
                {
                    "name": "Relé cerrado",
                    "value": "1"
                }
            ]
        },
        {
            "name": "battery",
            "displayName": "Batería",
            "interaction": "display",
            "format": "perc",
            "limits": {
                "max": 100,
                "min": 0,
                "increment": 5
            }
        },
        {
            "name": "linkquality",
            "displayName": "Calidad de enlace",
            "interaction": "display",
            "format": "perc",
            "limits": {
                "max": 100,
                "min": 0,
                "increment": 5
            }
        }
    ]
}
