{
    "model": "CC2530.ROUTER",
    "vendor": "Gban",
    "type": "Router",
    "category": ["repeater"],
    "description_en": "Gban - CC2530.ROUTER - Signal repeater",
    "description_es": "Gban - CC2530.ROUTER - Repetidor de señal",
    "properties": [
        {
            "name": "linkquality",
            "displayName": "Calidad de enlace",
            "interaction": "display",
            "format": "perc",
            "limits": {
                "max": 100,
                "min": 0,
                "increment": 5
            }
        }
    ]
}
