{
    "model": "thermostat_user",
    "vendor": "Remica",
    "type": "virtual",
    "category": [
        "temperature"
    ],
    "description_en": "Thermostat",
    "description_es": "Termostato",
    "properties": [
        {
            "name": "state",
            "displayName": "Estado",
            "prop_category": [
                "on_off",
                "text"
            ],
            "interaction": "exec",
            "format": "string",
            "control": "switch",
            "states": [
                {
                    "name": "Encendido",
                    "value": "on"
                },
                {
                    "name": "Apagado",
                    "value": "off"
                }
            ]
        },
        {
            "name": "setpoint",
            "displayName": "Consigna",
            "prop_category": [
                "numeric",
                "temperature"
            ],
            "interaction": "exec",
            "format": "celsius",
            "limits": {
                "max": 30,
                "min": 10,
                "increment": 0.5
            }
        },
        {
            "name": "screen",
            "displayName": "Pantalla",
            "prop_category": [
                "numeric",
                "temperature"
            ],
            "interaction": "display",
            "format": "celsius",
            "limits": {
                "max": 30,
                "min": 10,
                "increment": 0.5
            }
        },
        {
            "name": "output",
            "displayName": "Salidas",
            "prop_category": [
                "on_off",
                "text",
                "heating"
            ],
            "interaction": "display",
            "format": "text",
            "control": "on_off",
            "states": [
                {
                    "name": "Encendido",
                    "value": "on"
                },
                {
                    "name": "Apagado",
                    "value": "off"
                }
            ]
        },
        {
            "name": "temperature",
            "icon": "tester.svg",
            "displayName": "Temperatura",
            "prop_category": [
                "numeric",
                "temperature"
            ],
            "interaction": "display",
            "format": "celsius",
            "limits": {
                "max": 30,
                "min": 10,
                "increment": 0.5
            }
        }
    ]
}